{
	"name": "default",
	"type": "dark",
	"colors": {
		"activityBarBadge.background": "#007acc",
		"editor.background": "#1e1e1e",
		"editor.foreground": "#d4d4d4",
		"editor.inactiveSelectionBackground": "#3a3d41",
		"editor.selectionHighlightBackground": "#add6ff26",
		"editorIndentGuide.activeBackground": "#707070",
		"editorIndentGuide.background": "#404040",
		"input.placeholderForeground": "#a6a6a6",
		"list.dropBackground": "#383b3d",
		"menu.background": "#252526",
		"menu.foreground": "#cccccc",
		"ports.iconRunningProcessForeground": "#369432",
		"sideBarSectionHeader.background": "#00000000",
		"sideBarSectionHeader.border": "#cccccc33",
		"sideBarTitle.foreground": "#bbbbbb",
		"statusBarItem.remoteBackground": "#16825d",
		"statusBarItem.remoteForeground": "#ffffff",
		"tab.lastPinnedBorder": "#cccccc33"
	},
	"tokenColors": [
		{
			"name": "Comment",
			"scope": [
				"comment",
				"punctuation.definition.comment",
			],
			"settings": {
				"fontStyle": "italic",
				"foreground": "#6A9955"
			}
		}
    ]
}